{
  "name": "Kitchen Timer",
  "description": "General purpose timer extension for Gnome Shell\n\nPlease report issues on github\nIf updating the extension reports an ERROR, it should work after the next reboot or if you logout and login again.",
  "uuid": "kitchentimer@blackjackshellac.ca",
  "shell-version": [
    "3.36",
    "3.38",
	"40"
  ],
  "gettext-domain": "kitchen-timer-blackjackshellac",
  "settings-schema": "org.gnome.shell.extensions.kitchen-timer-blackjackshellac",
  "url": "https://github.com/blackjackshellac/kitchenTimer",
  "version": 29
}
